runtime,batch_size,run_id,run_order,source_file,started_at_utc,initialization_ms,first_inference_ms,gpu_only_mean,gpu_only_median,gpu_only_p95,gpu_only_p99,gpu_only_min,gpu_only_max,gpu_only_stdev,gpu_only_ci95_lower,gpu_only_ci95_upper,gpu_only_throughput,gpu_only_per_image,end_to_end_mean,end_to_end_median,end_to_end_p95,end_to_end_p99,end_to_end_min,end_to_end_max,end_to_end_stdev,end_to_end_ci95_lower,end_to_end_ci95_upper,end_to_end_throughput,end_to_end_per_image
PyTorch CUDA,16,r01_o05,5,benchmark/results/pytorch/pytorch_metrics_cuda_b16_r01_o05.json,2026-08-07T10:38:03.448173+00:00,338.9758779958356,364.3905899953097,4.104067120012284,4.028426505101379,4.431166940776166,5.017018500802806,3.957937005907297,5.048070001066662,0.18605214723928862,4.083013337583069,4.125120902441499,3898.5717173046887,0.25650419500076777,5.0974847631490166,5.0091204975615256,5.648803002259228,5.821612700965488,4.773441993165761,6.185453996295109,0.2713601630685768,5.066777469962799,5.128192056335234,3138.8029083810065,0.31859279769681353
PyTorch CUDA,16,r02_o01,1,benchmark/results/pytorch/pytorch_metrics_cuda_b16_r02_o01.json,2026-08-07T10:38:25.223522+00:00,326.84261800022796,367.1070830023382,3.9901749499646635,3.973661492636893,4.064963506971253,4.1025609969801735,3.940167007385753,4.266814998118207,0.0434987682305104,3.9852526009573923,3.9950972989719347,4009.849242360086,0.24938593437279147,5.044769513333449,5.002665995561983,5.516234502283623,5.6985373990028165,4.736731993034482,5.744337002397515,0.23663030881977792,5.017992273124326,5.071546753542572,3171.6017863078996,0.31529809458334057
PyTorch CUDA,16,r03_o06,6,benchmark/results/pytorch/pytorch_metrics_cuda_b16_r03_o06.json,2026-08-07T10:39:47.020281+00:00,472.45172000839375,373.51134700293187,4.000068959867349,3.966742006014101,4.065353537589544,4.142531611578306,3.9547470078105107,5.189420000533573,0.08477840223931593,3.990475380529899,4.009662539204799,3999.9310413214967,0.2500043099917093,4.9459187904237,4.8332820006180555,5.550771946582245,5.854171805403894,4.6505329955834895,6.10848399810493,0.2839662924157283,4.913784979411767,4.978052601435632,3234.9904391837654,0.3091199244014812
PyTorch CUDA,16,r04_o03,3,benchmark/results/pytorch/pytorch_metrics_cuda_b16_r04_o03.json,2026-08-07T10:40:13.852856+00:00,338.94625800894573,360.4827130038757,4.01338021052652,3.9814419942558743,4.1779339604545385,4.340471897885436,3.9423370035365224,4.4202639983268455,0.0827208078675686,4.004019469911295,4.022740951141746,3986.664397764831,0.2508362631579075,5.043268020090181,4.957171004207339,5.487257499771658,5.762067978357663,4.717253003036603,5.972525003016926,0.24327511658835294,5.015738849096494,5.0707971910838685,3172.5460428164783,0.31520425125563634
PyTorch CUDA,16,r05_o06,6,benchmark/results/pytorch/pytorch_metrics_cuda_b16_r05_o06.json,2026-08-07T10:41:23.829852+00:00,337.7611839969177,361.2303180125309,4.015565632871585,3.9947464974829927,4.158910550904693,4.235745501209748,3.944166994187981,4.343883992987685,0.0696847854320158,4.007680057064576,4.023451208678594,3984.4947045625017,0.25097285205447406,5.163437890635881,5.122684997331817,5.754844540933846,6.040726109640673,4.742931996588595,6.094123993534595,0.2914518370445367,5.13045701050748,5.196418770764281,3098.7106534227314,0.32271486816474254
PyTorch CUDA,1,r01_o06,6,benchmark/results/pytorch/pytorch_metrics_cuda_b1_r01_o06.json,2026-08-07T10:38:14.128179+00:00,456.960330993752,384.51449300919194,3.7497022072784603,3.7406880073831417,3.8505389995407313,3.898596687504323,3.6940889985999092,4.002005996881053,0.04035339951694384,3.745135790247991,3.7542686243089296,266.6878447197548,3.7497022072784603,3.9293236136048413,3.9168329967651516,4.017317551188171,4.055459200171754,3.8669780042255297,4.101177008124068,0.03911896522487616,3.924896885964653,3.9337503412450294,254.49672725799738,3.9293236136048413
PyTorch CUDA,1,r02_o04,4,benchmark/results/pytorch/pytorch_metrics_cuda_b1_r02_o04.json,2026-08-07T10:38:51.996083+00:00,355.50473199691623,366.69969599461183,3.7585821932104104,3.718317995662801,3.967234997980995,4.060874490096467,3.6723079974763095,4.11769600759726,0.08933861832997562,3.7484725768434095,3.7686918095774113,266.05777088137734,3.7585821932104104,3.972777909851478,3.923181997379288,4.228964995854767,4.415815500979079,3.8591579941567034,4.510673999902792,0.12008887105329198,3.959188574813736,3.98636724488922,251.71303875815823,3.972777909851478
PyTorch CUDA,1,r03_o02,2,benchmark/results/pytorch/pytorch_metrics_cuda_b1_r03_o02.json,2026-08-07T10:39:17.352761+00:00,333.73373800714035,359.02593001083005,3.776473656471353,3.7237879951135255,4.056258001219248,4.27974430291215,3.6660189944086596,4.442653997102752,0.12204402484136777,3.7626630749547036,3.7902842379880024,264.7972926506195,3.776473656471353,4.008538766696195,3.957346998504363,4.300153998337919,4.454529303038726,3.8272980018518865,4.598063009325415,0.1483608570571196,3.9917501552674053,4.0253273781249845,249.46746388190525,4.008538766696195
PyTorch CUDA,1,r04_o06,6,benchmark/results/pytorch/pytorch_metrics_cuda_b1_r04_o06.json,2026-08-07T10:40:36.884845+00:00,360.18737399717793,367.48231199453585,3.6644174799827547,3.652233994216658,3.7537465112109203,3.804389804136008,3.6003400018671528,3.824828003416769,0.04383769184592922,3.6594567781579266,3.669378181807583,272.89467028868836,3.6644174799827547,3.846062199639467,3.833528004179243,3.931510444090236,4.010971902316669,3.7735280056949705,4.067326008225791,0.0476562618743868,3.840669385937604,3.85145501334133,260.0061954519978,3.846062199639467
PyTorch CUDA,1,r05_o05,5,benchmark/results/pytorch/pytorch_metrics_cuda_b1_r05_o05.json,2026-08-07T10:41:13.508673+00:00,371.9324859994231,362.9330480034696,3.7621501027994477,3.7501530023291707,3.8377295022655744,3.928370195935713,3.7143880035728216,3.9786370034562424,0.03887603388332236,3.757750865428446,3.7665493401704495,265.8054497229899,3.7621501027994477,3.9524035301292315,3.9364769909298047,4.051943453669082,4.102374901412986,3.8917680067243055,4.153756002779119,0.045151562059487386,3.9472941498933936,3.9575129103650695,253.01060288429179,3.9524035301292315
PyTorch CUDA,4,r01_o04,4,benchmark/results/pytorch/pytorch_metrics_cuda_b4_r01_o04.json,2026-08-07T10:37:53.158536+00:00,331.8296689976705,376.8642070062924,3.664901543428035,3.6484789961832576,3.77283400594024,4.146512894658372,3.5906189878005534,4.2745749960886315,0.07826921941930126,3.65604454746744,3.67375853938863,1091.4345044747163,0.9162253858570087,4.000855350022903,3.963522001868114,4.188921503373422,4.353166098881046,3.91841700184159,4.757983013405465,0.09874455652906429,3.989681351549462,4.012029348496344,999.7862082109773,1.0002138375057257
PyTorch CUDA,4,r02_o02,2,benchmark/results/pytorch/pytorch_metrics_cuda_b4_r02_o02.json,2026-08-07T10:38:35.932160+00:00,342.6095059985528,353.8568100047996,3.7380748571498166,3.7029679951956496,3.9366459524899255,4.061327092640568,3.6583089968189597,4.0767460013739765,0.08587520583322114,3.72835716280173,3.7477925514979034,1070.0695285299596,0.9345187142874541,4.110437409835868,4.067855996254366,4.319011501502246,4.479084791091736,3.970696998294443,4.515152992098592,0.10955518743100602,4.098040073312803,4.122834746358932,973.1324433814266,1.027609352458967
PyTorch CUDA,4,r03_o03,3,benchmark/results/pytorch/pytorch_metrics_cuda_b4_r03_o03.json,2026-08-07T10:39:27.568557+00:00,330.2157879952574,349.7979849926196,3.759592359662444,3.712258992891293,4.046761944482569,4.235285496542929,3.6697589966934174,4.323533998103812,0.11661438501768671,3.7463961997325006,3.772788519592387,1063.9451348281655,0.939898089915611,4.112535296929612,4.063591499289032,4.371773992170347,4.573450008610961,3.977347005275078,4.765902005601674,0.13101083997162852,4.097710024759634,4.12736056909959,972.6360289202552,1.028133824232403
PyTorch CUDA,4,r04_o01,1,benchmark/results/pytorch/pytorch_metrics_cuda_b4_r04_o01.json,2026-08-07T10:39:57.901000+00:00,592.1726950036827,345.2750510041369,3.712472633148233,3.705697992700152,3.797455506719416,3.841386514977785,3.660968999611214,3.9576069975737482,0.03582861703908947,3.70841824345656,3.716527022839906,1077.4490199023876,0.9281181582870582,4.053536716771002,4.025221503979992,4.206607505329885,4.268428400682751,3.980515990406275,4.325134999817237,0.06712235230732058,4.045941107569041,4.061132325972963,986.7925911341815,1.0133841791927505
PyTorch CUDA,4,r05_o02,2,benchmark/results/pytorch/pytorch_metrics_cuda_b4_r05_o02.json,2026-08-07T10:40:52.667992+00:00,336.0566039918922,349.63212499860674,3.6965907298144884,3.6583784967660904,3.9135994906246196,4.032759998808615,3.6043390136910602,4.087925990461372,0.09304829748414774,3.686061323732867,3.7071201358961097,1082.0781342490511,0.9241476824536221,4.0701200474480475,4.026176502520684,4.360712556808721,4.581726694596,3.9159470034064725,4.680122990976088,0.1364824357533786,4.054675605927761,4.085564488968334,982.7719952653455,1.0175300118620119
ONNX Runtime CUDA,16,r01_o01,1,benchmark/results/onnx/onnx_metrics_cuda_b16_r01_o01.json,2026-08-07T10:37:34.828571+00:00,281.1047739960486,678.7452010030393,3.89672209348646,3.8941125021665357,3.922027004591655,3.9838534970476758,3.8674669922329485,4.117806005524471,0.023337297040748807,3.8940812297196477,3.899362957253272,4106.015162524598,0.24354513084290375,4.739277409971692,4.658457495679613,5.154565496923169,5.416362291580299,4.444274993147701,5.594197995378636,0.2261742571898943,4.713683383390311,4.764871436553072,3376.0420874150873,0.29620483812323073
ONNX Runtime CUDA,16,r02_o03,3,benchmark/results/onnx/onnx_metrics_cuda_b16_r02_o03.json,2026-08-07T10:38:41.966792+00:00,258.0337479885202,651.4997689955635,3.8978856433338174,3.8970879977568984,3.924903504230315,3.999907089601038,3.7515580042963848,4.032607001136057,0.023439486067570584,3.8952332157900247,3.90053807087761,4104.789484361419,0.24361785270836359,4.721159416464313,4.662708000978455,5.0712089985609055,5.191461192735003,4.458684008568525,5.631437001284212,0.19520815193754631,4.6990695345667595,4.743249298361866,3388.9980381095534,0.29507246352901956
ONNX Runtime CUDA,16,r03_o01,1,benchmark/results/onnx/onnx_metrics_cuda_b16_r03_o01.json,2026-08-07T10:39:06.953690+00:00,263.9277440030128,626.6293829976348,3.8884465667554955,3.8907470006961375,3.914301002077991,3.9765937121410384,3.851557004963979,4.017946994281374,0.02118663820056166,3.8860490729469053,3.8908440605640857,4114.753726280554,0.24302791042221847,4.771559033203327,4.7068479980225675,5.162110004312126,5.338037894398439,4.417963995365426,5.8074970002053306,0.22496294201292028,4.746102079838073,4.7970159865685815,3353.2017289658465,0.29822243957520794
ONNX Runtime CUDA,16,r04_o04,4,benchmark/results/onnx/onnx_metrics_cuda_b16_r04_o04.json,2026-08-07T10:40:20.391473+00:00,242.55674799496774,1887.2934169921791,3.9127364965194524,3.9059369955793954,3.936878494278062,4.017949303088244,3.8766869984101504,4.135645998758264,0.026516287680371856,3.9097358960967385,3.9157370969421663,4089.2096910263926,0.24454603103246578,4.815385039546527,4.718663003586698,5.319425999186933,5.505218598846113,4.554252998786978,5.560227989917621,0.2321634002087612,4.789113277631651,4.8416568014614025,3322.6834133925763,0.30096156497165794
ONNX Runtime CUDA,16,r05_o03,3,benchmark/results/onnx/onnx_metrics_cuda_b16_r05_o03.json,2026-08-07T10:40:58.741038+00:00,254.09905100241303,1836.000816008891,3.896753326553153,3.8983724953141063,3.914927551522851,4.013018309051404,3.872247994877398,4.054996010381728,0.022856817289914136,3.8941668341885833,3.8993398189177224,4105.982252192672,0.24354708290957205,4.735160789762934,4.663247505959589,5.15089200634975,5.261061091878219,4.4109239970566705,5.481587999383919,0.21803756193161064,4.7104875169283,4.759834062597568,3378.9771267304827,0.29594754936018336
ONNX Runtime CUDA,1,r01_o03,3,benchmark/results/onnx/onnx_metrics_cuda_b1_r01_o03.json,2026-08-07T10:37:44.433243+00:00,247.85095799597912,647.0622049964732,1.1843717699715246,1.1815179968834855,1.2009564954496454,1.2560300042969172,1.1681739997584373,1.303983008256182,0.014891489126983582,1.1826866393413293,1.1860569006017199,844.3294794370544,1.1843717699715246,1.366807509912178,1.3887370005249977,1.440051006647991,1.4848019983037368,1.2657219922402874,1.5714309993200004,0.06059827507937347,1.3599501695479952,1.3736648502763606,731.6319179898663,1.366807509912178
ONNX Runtime CUDA,1,r02_o06,6,benchmark/results/onnx/onnx_metrics_cuda_b1_r02_o06.json,2026-08-07T10:39:03.218496+00:00,238.6762899986934,624.9576639966108,1.196943530376302,1.1878579971380532,1.2385180009005126,1.3377189081802496,1.1729039979400113,1.3669520121766254,0.0256972246747917,1.1940356156579524,1.1998514450946518,835.4613017421249,1.196943530376302,1.3351739305168546,1.315212000918109,1.4414570083317813,1.5382442933332638,1.264092992641963,1.6151309973793104,0.06343819951524014,1.327995222449717,1.3423526385839923,748.9660913412932,1.3351739305168546
ONNX Runtime CUDA,1,r03_o05,5,benchmark/results/onnx/onnx_metrics_cuda_b1_r03_o05.json,2026-08-07T10:39:37.617589+00:00,241.31490600120742,2080.932341006701,1.1912992332266488,1.1821130028693005,1.2207309977384284,1.3150550166028552,1.167962996987626,1.3525019894586876,0.026502226307715794,1.1883002239980436,1.194298242455254,839.4196622552065,1.1912992332266488,1.340228967067863,1.3627720036311075,1.3985274912556633,1.510699781938456,1.2554819986689836,1.5224420058075339,0.054561178574292234,1.3340547884849776,1.3464031456507486,746.1411628699447,1.340228967067863
ONNX Runtime CUDA,1,r04_o05,5,benchmark/results/onnx/onnx_metrics_cuda_b1_r04_o05.json,2026-08-07T10:40:27.311456+00:00,242.79646699142177,1741.3741470081732,1.1866360600106418,1.1843479951494373,1.1989765000180341,1.2148641016392503,1.1780630011344329,1.2618330074474216,0.007773560683057495,1.1857563988094686,1.187515721211815,842.7183647116134,1.1866360600106418,1.305901636709071,1.283162499021273,1.3834655059326906,1.4007549959933385,1.2628929980564862,1.497791992733255,0.04407926593018851,1.3009135982031779,1.3108896752149641,765.7544579850926,1.305901636709071
ONNX Runtime CUDA,1,r05_o04,4,benchmark/results/onnx/onnx_metrics_cuda_b1_r05_o04.json,2026-08-07T10:41:05.474810+00:00,276.720229012426,637.198251002701,1.1929911925593235,1.187592999485787,1.219501993182348,1.2996307923458514,1.1798329942394048,1.335401990218088,0.0189928565451605,1.190841948514874,1.195140436603773,838.2291556190792,1.1929911925593235,1.3321156405921404,1.3111120060784742,1.399701542686671,1.425833100656746,1.2708330032182857,1.495910997618921,0.04915373388356158,1.3265533719802278,1.337677909204053,750.6855782846967,1.3321156405921404
ONNX Runtime CUDA,4,r01_o02,2,benchmark/results/onnx/onnx_metrics_cuda_b4_r01_o02.json,2026-08-07T10:37:40.531236+00:00,239.89585399976932,594.3373009940842,1.5231012001944084,1.5176614979282022,1.5748489953693934,1.656745598447742,1.4743219944648445,1.6815199924167246,0.026040943806576466,1.5201543899947394,1.5260480103940774,2626.2207655600564,0.3807753000486021,1.8330694633186795,1.8599639952299185,1.9995499911601655,2.088349291007034,1.6890999977476895,2.145947000826709,0.10651041011934832,1.8210166757837145,1.8451222508536445,2182.1322541472064,0.45826736582966987
ONNX Runtime CUDA,4,r02_o05,5,benchmark/results/onnx/onnx_metrics_cuda_b4_r02_o05.json,2026-08-07T10:38:58.072404+00:00,260.9192820091266,1799.3387699971208,1.5268039938625104,1.5253615056280978,1.545086505211657,1.6093971945520023,1.4837120106676593,1.638910995097831,0.017723348760124883,1.5247984081477008,1.52880957957732,2619.8516745301376,0.3817009984656276,1.8386502334518202,1.8617289970279671,1.9589610004913993,1.9928007057751527,1.6888399986783043,2.030178002314642,0.07732705919733093,1.8298998529569488,1.8474006139466916,2175.5089289008133,0.45966255836295505
ONNX Runtime CUDA,4,r03_o04,4,benchmark/results/onnx/onnx_metrics_cuda_b4_r03_o04.json,2026-08-07T10:39:33.728668+00:00,243.43595300160814,650.1508560031652,1.5274890133393153,1.5250659998855554,1.5346340092946775,1.6317713013268076,1.4924510032869875,1.6442010091850534,0.017266234279741607,1.5255351549974925,1.5294428716811381,2618.67677284003,0.3818722533348288,1.7965098135755397,1.7785399977583438,1.8832095018296968,2.0051099063130096,1.710680007818155,2.016578000620939,0.06529243174423381,1.7891212793789983,1.8038983477720811,2226.5394654532497,0.44912745339388493
ONNX Runtime CUDA,4,r04_o02,2,benchmark/results/onnx/onnx_metrics_cuda_b4_r04_o02.json,2026-08-07T10:40:04.233776+00:00,244.8372849903535,2150.7309839944355,1.532646283012582,1.5298410071409307,1.5437939982803073,1.6384732842561789,1.4850310108158737,1.6548810090171173,0.01950840993141225,1.530438698610411,1.534853867414753,2609.8650708482896,0.3831615707531455,1.8047963993740268,1.757899000949692,2.0175734549411573,2.076361198851373,1.6918899927986786,2.118457996402867,0.10840710490290828,1.7925289806192655,1.8170638181287881,2216.3164783503307,0.4511990998435067
ONNX Runtime CUDA,4,r05_o01,1,benchmark/results/onnx/onnx_metrics_cuda_b4_r05_o01.json,2026-08-07T10:40:43.022515+00:00,243.64668200723827,2000.0014810066205,1.5229365330984972,1.5193010040093213,1.5392750006867573,1.6189229840529151,1.4867209974909201,1.6292410000460222,0.015718001968942186,1.5211578737355904,1.524715192461404,2626.5047249617046,0.3807341332746243,1.803648439721049,1.7843244932009839,1.9622465100837871,1.991463489830494,1.6950900026131421,2.0850680011790246,0.0827561032423192,1.7942837050581777,1.8130131743839204,2217.727086892076,0.45091210993026226
